#{"t_start": 1710454843.7379737, "env_id": "Pendulum-v1"}
r,l,t
-1223.382503,200,1.776054
-1189.475409,200,2.622411
-1180.870238,200,3.545169
-1167.625062,200,4.667536
-890.372193,200,5.260519
-1082.616469,200,18.409505
-1341.542502,200,19.286216
-1152.948813,200,20.27939
-1244.268022,200,21.097665
-1332.350246,200,21.92891
-1568.976886,200,30.146327
-1081.855626,200,30.31293
-961.035125,200,31.36083
-879.517278,200,32.461519
-1644.577497,200,33.502064
-1225.014431,200,41.089701
-1327.228789,200,42.104602
-1473.05033,200,42.944992
-1385.348549,200,43.716228
-1095.554373,200,44.736057
-1194.059178,200,53.107857
-841.435995,200,53.732127
-1303.39344,200,54.532006
-1441.196997,200,55.446187
-968.843802,200,56.457345
-1117.11424,200,63.818255
-1085.817841,200,64.413037
-1362.585446,200,65.092673
-1258.520458,200,66.039439
-1428.784714,200,67.052011
-1449.454845,200,74.884718
-937.891513,200,75.792246
-1389.364401,200,76.767318
-1332.067447,200,77.849057
-1333.827265,200,78.712327
-797.77326,200,81.789051
-1021.669117,200,81.989847
-1446.575362,200,82.761626
-1462.462908,200,84.134582
-1409.587848,200,85.299729
-1213.924138,200,94.581524
-1129.268398,200,95.265877
-1136.210231,200,96.329273
-1301.962117,200,97.67387
-998.080417,200,98.675662
-1004.718506,200,99.685952
-895.107083,200,106.716876
-1050.193122,200,107.451594
-830.237429,200,107.869059
-1513.667593,200,108.801788
-977.817992,200,109.569011
-1052.594441,200,118.069974
-899.076018,200,119.848424
-889.781262,200,121.1094
-789.75076,200,121.776232
-1494.674411,200,123.379481
-1137.376518,200,131.946963
-1453.369099,200,132.921909
-1007.853408,200,133.749793
-1167.734302,200,134.493893
-1325.965706,200,135.117733
-1168.502919,200,140.843846
-1137.653131,200,141.970626
-1267.117928,200,142.566445
-900.658115,200,144.151761
-902.76654,200,145.040899
-1182.764586,200,153.245554
-1262.26573,200,154.467656
-869.376904,200,155.347842
-968.938186,200,156.212526
-1065.476135,200,156.940895
-1294.468814,200,169.677244
-1303.277536,200,170.872121
-1100.157619,200,171.838302
-1225.628411,200,173.605171
-1285.145785,200,174.864185
-899.205819,200,183.745968
-1042.598785,200,183.928224
-1039.729955,200,184.422544
-1059.175697,200,185.9462
-1192.046559,200,186.654378
-1181.526992,200,193.188511
-1236.222322,200,194.512618
-1047.112718,200,195.18099
-995.080408,200,196.243234
-968.875247,200,197.316531
-910.121103,200,198.00958
-919.60534,200,204.827642
-1179.437434,200,206.363051
-1130.83277,200,207.183452
-854.991979,200,208.174282
-929.578763,200,208.878383
-1358.201336,200,218.222956
-1284.469298,200,219.334542
-994.834406,200,220.385786
-1053.059097,200,221.185292
-931.82602,200,221.981611
-962.661698,200,230.04194
-1227.210235,200,230.80786
-779.607813,200,231.929691
-934.352115,200,232.520154
-920.428702,200,233.496487
-833.133436,200,243.541804
-1067.580356,200,244.665593
-822.450036,200,245.931035
-794.069812,200,247.319145
-793.64961,200,247.487614
-799.362934,200,288.742458
-772.346114,200,294.17724
-789.34902,200,299.19362
-778.183306,200,304.445704
-731.989586,200,309.461726
-917.576366,200,368.280744
-805.792073,200,373.577571
-839.913431,200,378.684854
-788.297659,200,383.318209
-1074.184777,200,388.761806
-931.814756,200,454.453117
-601.349994,200,460.241355
-879.393675,200,465.592056
-797.214262,200,470.933259
-786.448973,200,476.24563
-872.612919,200,544.498397
-795.156068,200,550.429592
-380.057717,200,556.148792
-791.248663,200,562.451259
-518.55169,200,567.844257
-656.163552,200,572.569548
-660.812798,200,631.097502
-931.513572,200,636.605571
-947.094153,200,642.253408
-521.233847,200,647.877669
-429.355842,200,653.535181
-528.074022,200,720.617758
-656.430856,200,725.94553
-266.731863,200,731.319206
-906.968778,200,735.873456
-419.332317,200,741.299706
-6.674603,200,804.761496
-542.823926,200,810.105381
-393.38947,200,815.02725
-831.682314,200,820.814163
-849.205509,200,826.101615
-919.662809,200,894.693574
-861.405718,200,899.617666
-813.935872,200,905.067846
-266.960334,200,910.102298
-523.275325,200,915.441332
-269.80305,200,985.481656
-268.680112,200,991.013358
-533.232501,200,996.289416
-140.036079,200,1001.007376
-649.006633,200,1005.221473
-528.514094,200,1076.840385
-264.065865,200,1082.774946
-666.210342,200,1088.147722
-663.944319,200,1092.969038
-765.272294,200,1098.593371
-4.612083,200,1169.985561
-259.320148,200,1174.617874
-539.958395,200,1179.341578
-140.297672,200,1184.849312
-275.294906,200,1191.093588
-133.94722,200,1260.381477
-137.787992,200,1266.3176
-638.709333,200,1271.990377
-400.890109,200,1277.850345
-529.312065,200,1282.469534
-663.688116,200,1350.685659
-271.29276,200,1356.321405
-417.744541,200,1361.465714
-419.689043,200,1366.77275
-405.565813,200,1372.214167
-269.48459,200,1377.329608
-515.013314,200,1430.743996
-588.796441,200,1436.607759
-138.071641,200,1442.090424
-140.587043,200,1447.401216
-136.858276,200,1452.949739
-5.526862,200,1515.903287
-264.979043,200,1522.068878
-3.917752,200,1527.648284
-6.098095,200,1532.728791
-407.168242,200,1537.917365
-604.194141,200,1602.673239
-128.926225,200,1607.940448
-4.056443,200,1612.703365
-255.383279,200,1619.217535
-127.548597,200,1624.593347
-138.646168,200,1691.413692
-546.81206,200,1696.62574
-268.734204,200,1702.228691
-134.093585,200,1707.025544
-406.291145,200,1712.09749
-265.055373,200,1780.165337
-379.558737,200,1785.094874
-140.64047,200,1790.289611
-262.779859,200,1794.961621
-125.803188,200,1799.005387
-303.148178,200,1865.421539
-287.463918,200,1870.864509
-242.809637,200,1876.145496
-263.183744,200,1881.725286
-271.057361,200,1886.117501
-269.06289,200,1958.685068
-255.052621,200,1963.710954
-261.498004,200,1968.822408
-386.078614,200,1974.481173
-245.999018,200,1979.808899
-5.402864,200,2047.401578
-133.595181,200,2052.565488
-281.134741,200,2057.702188
-382.130594,200,2060.729096
-6.064401,200,2066.143484
-135.235436,200,2071.978784
-269.691052,200,2141.937348
-129.878388,200,2147.065804
-267.009735,200,2152.18539
-263.381834,200,2156.227465
-265.473038,200,2162.077296
-135.622813,200,2232.79124
-263.887361,200,2237.801526
-137.847332,200,2243.009557
-3.386403,200,2248.573609
-387.422342,200,2254.930493
-132.77334,200,2317.68914
-254.204532,200,2323.398995
-243.908495,200,2327.153653
-659.489919,200,2332.617846
-4.819771,200,2338.597326
-2.997363,200,2411.221806
-283.146363,200,2416.212381
-132.32286,200,2422.069674
-263.298187,200,2427.862674
-391.454565,200,2433.369614
-409.330859,200,2505.093337
-392.412642,200,2510.487871
-139.438094,200,2516.093156
-392.534432,200,2521.229558
-134.328502,200,2526.205711
-268.314146,200,2596.949682
-2.094885,200,2602.026602
-257.878296,200,2607.579829
-139.149369,200,2613.025632
-137.703334,200,2618.563142
-136.874843,200,2695.801187
-349.220532,200,2701.361591
-273.078928,200,2706.665249
-266.918479,200,2711.361634
-242.105151,200,2712.725446
